,Player,Team,Position,Age,Date of Birth,Birth City,Birth State/Province,Birth Country,Nationality,Height (in),Weight (lbs),Draft Year,Draft Team,Draft Round,Round Pick,Overall Draft Position,Last Season,playerStripped
0,Scott Foster,CHI,G,28,1993-01-01,-,-,-,-,-,-,-,-,-,-,-,2017-2018,scottfoster
1,David Ayres,CAR,G,28,1993-01-01,-,-,-,-,-,-,-,-,-,-,-,2019-2020,davidayres
2,Matthew Berlin,EDM,G,28,1993-01-01,-,-,-,-,-,-,-,-,-,-,-,2022-2023,mattberlin
3,Jett Alexander,TOR,G,28,1993-01-01,-,-,-,-,-,-,-,-,-,-,-,2022-2023,jettalex
4,Dominik Hasek,DET,G,60,1965-01-29,Pardubice,,CZE,CZE,73,166,1983,CHI,10,17,199,2007-2008,dominikhasek
5,Curtis Joseph,TOR,G,58,1967-04-29,Keswick,ON,CAN,CAN,71,193,-,-,-,-,-,2008-2009,curtisjoseph
6,Dwayne Roloson,T.B,G,55,1969-10-12,Simcoe,ON,CAN,CAN,73,170,-,-,-,-,-,2011-2012,dwayneroloson
7,Olie Kolzig,T.B,G,55,1970-04-06,Johannesburg,,ZAF,DEU,75,224,1989,WSH,1,19,19,2008-2009,oliekolzig
8,Martin Brodeur,STL,G,53,1972-05-06,Montreal,QC,CAN,CAN,74,220,1990,N.J,1,20,20,2014-2015,martinbrodeur
9,Chris Osgood,DET,G,52,1972-11-26,Peace River,AB,CAN,CAN,70,180,1991,DET,3,10,54,2010-2011,chrisosgood
10,Nikolai Khabibulin,CHI,G,52,1973-01-13,Sverdlovsk,,RUS,RUS,73,208,1992,WIN,9,12,204,2013-2014,nikolaikhabibulin
11,Manny Legace,CAR,G,52,1973-02-04,Toronto,ON,CAN,CAN,70,200,1993,HFD,8,6,188,2009-2010,mannylegace
12,Johan Hedberg,N.J,G,52,1973-05-05,Leksand,,SWE,SWE,72,190,1994,PHI,9,10,218,2012-2013,johanhedberg
13,Fredrik Norrena,CBJ,G,51,1973-11-29,Pietarsaari,,FIN,FIN,72,190,2002,T.B,7,16,213,2008-2009,fredriknorrena
14,Tim Thomas,"DAL, FLA",G,51,1974-04-15,Flint,MI,USA,USA,71,201,1994,QUE,9,9,217,2013-2014,timthomas
15,Patrick Lalime,BUF,G,51,1974-07-07,St. Bonaventure,QC,CAN,CAN,75,192,1993,PIT,6,26,156,2010-2011,patlalime
16,Manny Fernandez,BOS,G,50,1974-08-27,Etobicoke,ON,CAN,CAN,72,207,1992,QUE,3,4,52,2008-2009,mannyfernandez
17,Martin Gerber,EDM,G,50,1974-09-03,Burgdorf,,CHE,CHE,72,205,2001,ANA,8,5,232,2010-2011,martingerber
18,Jocelyn Thibault,BUF,G,50,1975-01-12,Montreal,QC,CAN,CAN,71,169,1993,QUE,1,10,10,2007-2008,jocelynthibault
19,Kevin Weekes,N.J,G,50,1975-04-04,Toronto,ON,CAN,CAN,74,215,1993,FLA,2,15,41,2008-2009,kevinweekes
20,Evgeni Nabokov,T.B,G,50,1975-07-25,Kamenogorsk,,KAZ,RUS,72,202,1994,S.J,9,11,219,2014-2015,evgeninabokov
21,Marty Turco,BOS,G,50,1975-08-13,Sault Ste. Marie,ON,CAN,CAN,71,184,1994,DAL,5,20,124,2011-2012,martyturco
22,John Grahame,CAR,G,49,1975-08-31,Denver,CO,USA,USA,75,220,1994,BOS,9,21,229,2007-2008,johngrahame
23,Cristobal Huet,CHI,G,49,1975-09-03,St-Martin-d'Hères,,FRA,FRA,73,205,2001,L.A,7,18,214,2009-2010,cristobalhuet
24,Ty Conklin,DET,G,49,1976-03-30,Anchorage,AK,USA,USA,73,185,-,-,-,-,-,2011-2012,tyconklin
25,Chris Mason,NSH,G,49,1976-04-20,Red Deer,AB,CAN,CAN,72,198,1995,N.J,5,18,122,2012-2013,chrismason
26,Dan Cloutier,L.A,G,49,1976-04-22,Mont-Laurier,QC,CAN,CAN,73,195,1994,NYR,1,26,26,2007-2008,dancloutier
27,Tomas Vokoun,PIT,G,49,1976-07-02,Karlovy Vary,,CZE,CZE,73,210,1994,MTL,9,18,226,2012-2013,tomasvokoun
28,Jose Theodore,FLA,G,48,1976-09-13,Laval,QC,CAN,CAN,71,172,1994,MTL,2,18,44,2012-2013,josetheodore
29,Miikka Kiprusoff,CGY,G,48,1976-10-26,Turku,,FIN,FIN,73,185,1995,S.J,5,12,116,2012-2013,miikkakiprusoff
30,Brian Boucher,PHI,G,48,1977-01-02,Woonsocket,RI,USA,USA,74,200,1995,PHI,1,22,22,2012-2013,brianboucher
31,Brent Johnson,PIT,G,48,1977-03-12,Farmington,MI,USA,USA,75,199,1995,COL,5,25,129,2011-2012,brentjohnson
32,Jean-Sebastien Giguere,COL,G,48,1977-05-16,Montreal,QC,CAN,CAN,73,202,1995,HFD,1,13,13,2013-2014,jeansebastiengiguere
33,Vesa Toskala,"CGY, TOR",G,48,1977-05-20,Tampere,,FIN,FIN,70,198,1995,S.J,4,12,90,2009-2010,vesatoskala
34,Jean-Sebastien Aubin,L.A,G,48,1977-07-19,Montreal,QC,CAN,CAN,71,180,1995,PIT,3,24,76,2007-2008,jeansebastienaubin
35,Scott Clemmensen,N.J,G,48,1977-07-23,Des Moines,IA,USA,USA,74,200,1997,N.J,8,25,215,2014-2015,scottclemmensen
36,Marc Denis,MTL,G,48,1977-08-01,Montreal,QC,CAN,CAN,73,193,1995,COL,1,25,25,2008-2009,marcdenis
37,Martin Biron,NYR,G,47,1977-08-15,Lac St. Charles,QC,CAN,CAN,74,186,1995,BUF,1,16,16,2013-2014,martinbiron
38,Steve Valiquette,NYR,G,47,1977-08-20,Etobicoke,ON,CAN,CAN,78,210,1996,L.A,8,1,190,2009-2010,stevevaliquette
39,Mathieu Garon,T.B,G,47,1978-01-09,Chandler,QC,CAN,CAN,73,198,1996,MTL,2,18,44,2012-2013,mathieugaron
40,David Aebischer,PHX,G,47,1978-02-07,Fribourg,,CHE,CHE,73,187,1997,COL,6,27,161,2007-2008,davidaebischer
41,Niklas Backstrom,CGY,G,47,1978-02-13,Helsinki,,FIN,FIN,74,192,-,-,-,-,-,2015-2016,niklasbackstrom
42,Johan Holmqvist,"DAL, T.B",G,47,1978-05-24,Tolfta,,SWE,SWE,75,198,1997,NYR,7,14,175,2007-2008,johanholmqvist
43,Wade Dubielewicz,MIN,G,46,1979-01-30,Invermere,BC,CAN,CAN,70,185,-,-,-,-,-,2009-2010,wadedubielewicz
44,Jorge Alves,CAR,G,46,1979-01-30,Boston,MA,USA,USA,69,188,-,-,-,-,-,2016-2017,jorgealves
45,Roberto Luongo,FLA,G,46,1979-04-04,Montreal,QC,CAN,CAN,75,215,1997,NYI,1,4,4,2018-2019,robertoluongo
46,Mikael Tellqvist,"BUF, PHX",G,45,1979-09-19,Sundbyberg,,SWE,SWE,72,189,2000,TOR,3,5,70,2008-2009,mikaeltellqvist
47,Curtis Sanford,CBJ,G,45,1979-10-05,Owen sound,ON,CAN,CAN,71,187,-,-,-,-,-,2011-2012,curtissanford
48,Jason LaBarbera,ANA,G,45,1980-01-18,Burnaby,BC,CAN,CAN,75,232,1998,NYR,3,8,66,2014-2015,jasonlabarbera
49,Joey MacDonald,CGY,G,45,1980-02-07,Pictou,NS,CAN,CAN,72,197,-,-,-,-,-,2013-2014,joeymacdonald
50,Andrew Raycroft,DAL,G,45,1980-05-04,Belleville,ON,CAN,CAN,73,180,1998,BOS,5,21,135,2011-2012,andrewraycroft
51,Antero Niittymaki,S.J,G,45,1980-06-18,Turku,,FIN,FIN,73,195,1998,PHI,6,23,168,2010-2011,anteroniittymaki
52,Dan Ellis,FLA,G,45,1980-06-19,Saskatoon,SK,CAN,CAN,73,195,2000,DAL,2,30,60,2014-2015,danellis
53,Ilya Bryzgalov,ANA,G,45,1980-06-22,Togliatti,,RUS,RUS,75,213,2000,ANA,2,14,44,2014-2015,ilyabryzgalov
54,Sebastien Caron,T.B,G,45,1980-06-25,Amqui,QC,CAN,CAN,73,170,1999,PIT,3,20,86,2011-2012,sebastiencaron
55,Ryan Miller,ANA,G,45,1980-07-17,East Lansing,MI,USA,USA,75,170,1999,BUF,5,12,138,2020-2021,ryanmiller
56,Dany Sabourin,PIT,G,44,1980-09-02,Val D'or,QC,CAN,CAN,76,204,1998,CGY,4,22,108,2008-2009,danysabourin
57,Alex Auld,OTT,G,44,1981-01-07,Cold Lake,AB,CAN,CAN,76,215,1999,FLA,2,12,40,2011-2012,alexauld
58,Michael Leighton,CAR,G,44,1981-05-19,Petrolia,ON,CAN,CAN,75,186,1999,CHI,6,8,165,2016-2017,michaelleighton
59,Craig Anderson,BUF,G,44,1981-05-21,Park Ridge,IL,USA,USA,74,187,2001,CHI,3,10,73,2022-2023,craiganderson
60,Yann Danis,N.J,G,44,1981-06-21,Lafontaine,QC,CAN,CAN,71,180,-,-,-,-,-,2015-2016,yanndanis
61,Johan Backlund,PHI,G,44,1981-07-24,Skellefteå,,SWE,SWE,74,198,-,-,-,-,-,2009-2010,johanbacklund
62,Rob Zepp,PHI,G,43,1981-09-07,Scarborough,ON,CAN,CAN,74,198,2001,CAR,4,14,110,2014-2015,robzepp
63,Rick DiPietro,NYI,G,43,1981-09-19,Winthrop,MA,USA,USA,72,185,2000,NYI,1,1,1,2012-2013,rickdipietro
64,Jonas Hiller,CGY,G,43,1982-02-12,Felben Wellhausen,,CHE,CHE,74,191,-,-,-,-,-,2015-2016,jonashiller
65,Henrik Lundqvist,NYR,G,43,1982-03-02,Are,,SWE,SWE,73,182,2000,NYR,7,8,205,2019-2020,henriklundqvist
66,Erik Ersberg,L.A,G,43,1982-03-08,Sala,,SWE,SWE,72,165,-,-,-,-,-,2009-2010,erikersberg
67,Mike Smith,EDM,G,43,1982-03-22,Kingston,ON,CAN,CAN,77,220,2001,DAL,5,30,161,2021-2022,michaelsmith
68,Brent Krahn,DAL,G,43,1982-04-02,Winnipeg,MB,CAN,CAN,76,232,2000,CGY,1,9,9,2008-2009,brentkrahn
69,Viktor Fasth,EDM,G,43,1982-08-08,Kalix,,SWE,SWE,72,181,-,-,-,-,-,2014-2015,viktorfasth
70,Peter Budaj,L.A,G,42,1982-09-18,Banská Bystrica,,SVK,SVK,73,196,2001,COL,2,33,63,2018-2019,peterbudaj
71,Ray Emery,PHI,G,42,1982-09-28,Hamilton,ON,CAN,CAN,74,196,2001,OTT,4,3,99,2014-2015,rayemery
72,Pekka Rinne,NSH,G,42,1982-11-03,Kempele,,FIN,FIN,77,217,2004,NSH,8,31,258,2020-2021,pekkarinne
73,Pascal Leclaire,OTT,G,42,1982-11-07,Repentigny,QC,CAN,CAN,74,202,2001,CBJ,1,8,8,2010-2011,pascalleclaire
74,Dimitri Patzold,S.J,G,42,1983-02-03,Kamenogorsk,,KAZ,DEU,72,195,2001,S.J,4,11,107,2007-2008,dimitripatzold
75,Matt Climie,PHX,G,42,1983-02-11,Leduc,AB,CAN,CAN,75,194,-,-,-,-,-,2010-2011,mattclimie
76,Mike Brodeur,OTT,G,42,1983-03-30,Calgary,AB,CAN,CAN,74,185,2003,CHI,7,14,211,2010-2011,michaelbrodeur
77,Mike McKenna,"OTT, PHI",G,42,1983-04-11,St. Louis,MO,USA,USA,74,183,2002,NSH,6,6,172,2018-2019,michaelmckenna
78,David Leneveu,CBJ,G,42,1983-05-23,Fernie,BC,CAN,CAN,73,190,2002,PHX,2,16,46,2010-2011,davidleneveu
79,Curtis McElhinney,T.B,G,42,1983-05-23,London,ON,CAN,CAN,74,210,2002,CGY,6,10,176,2020-2021,curtismcelhinney
80,Drew MacIntyre,TOR,G,42,1983-06-24,Charlottetown,PE,CAN,CAN,73,188,2001,DET,4,25,121,2013-2014,drewmacintyre
81,Matt Zaba,NYR,G,42,1983-07-14,Yorkton,SK,CAN,CAN,73,190,2003,L.A,8,2,231,2009-2010,mattzaba
82,Antti Niemi,MTL,G,41,1983-08-29,Vantaa,,FIN,FIN,74,209,-,-,-,-,-,2018-2019,anttiniemi
83,Nathan Lawson,OTT,G,41,1983-09-29,Calgary,AB,CAN,CAN,74,198,-,-,-,-,-,2013-2014,nathanlawson
84,Kari Lehtonen,DAL,G,41,1983-11-16,Helsinki,,FIN,FIN,76,209,2002,ATL,1,2,2,2017-2018,karilehtonen
85,Henrik Karlsson,CGY,G,41,1983-11-27,Tumba,,SWE,SWE,78,209,-,-,-,-,-,2011-2012,henrikkarlsson
86,Tobias Stephan,DAL,G,41,1984-01-21,Zürich,,CHE,CHE,74,180,2002,DAL,2,4,34,2008-2009,tobiasstephan
87,Cristopher Nilstorp,DAL,G,41,1984-02-16,Malmö,,SWE,SWE,75,190,-,-,-,-,-,2013-2014,cristophernilstorp
88,Peter Mannino,WPG,G,41,1984-02-17,Farmington Hills,MI,USA,USA,73,195,-,-,-,-,-,2011-2012,petermannino
89,John Curry,MIN,G,41,1984-02-27,Shorewood,MN,USA,USA,71,185,-,-,-,-,-,2014-2015,johncurry
90,Cam Ward,CHI,G,41,1984-02-29,Saskatoon,SK,CAN,CAN,73,194,2002,CAR,1,25,25,2018-2019,camward
91,Jimmy Howard,DET,G,41,1984-03-26,Syracuse,NY,USA,USA,73,218,2003,DET,2,34,64,2019-2020,jimmyhoward
92,Jeff Deslauriers,ANA,G,41,1984-05-15,St-Jean-Richelieu,QC,CAN,CAN,76,203,2002,EDM,2,1,31,2011-2012,jeffdeslauriers
93,Hannu Toivonen,STL,G,41,1984-05-18,Kalvola,,FIN,FIN,74,200,2002,BOS,1,29,29,2007-2008,hannutoivonen
94,Tyler Weiman,COL,G,41,1984-06-05,Saskatoon,SK,CAN,CAN,71,180,2002,COL,5,33,164,2007-2008,tylerweiman
95,Josh Harding,MIN,G,41,1984-06-18,Regina,SK,CAN,CAN,74,194,2002,MIN,2,8,38,2013-2014,joshharding
96,Chris Beckford-Tseu,STL,G,41,1984-06-22,Toronto,ON,CAN,CAN,75,201,2003,STL,5,23,159,2007-2008,chrisbeckfordtseu
97,Jonas Gustavsson,EDM,G,40,1984-10-24,Danderyd,,SWE,SWE,76,201,-,-,-,-,-,2016-2017,jonasgustavsson
98,Marc-Andre Fleury,MIN,G,40,1984-11-28,Sorel,QC,CAN,CAN,74,185,2003,PIT,1,1,1,2024-2025,marcandrefleury
99,Corey Crawford,CHI,G,40,1984-12-31,Montreal,QC,CAN,CAN,74,216,2003,CHI,2,22,52,2019-2020,coreycrawford
100,Josh Tordjman,PHX,G,40,1985-01-11,Montreal,QC,CAN,CAN,73,156,-,-,-,-,-,2008-2009,joshtordjman
101,Al Montoya,"EDM, MTL",G,40,1985-02-13,Chicago,IL,USA,USA,74,200,2004,NYR,1,6,6,2017-2018,almontoya
102,Brian Elliott,T.B,G,40,1985-04-09,Newmarket,ON,CAN,CAN,74,221,2003,OTT,9,30,291,2022-2023,brianelliott
103,Jaroslav Halak,NYR,G,40,1985-05-13,Bratislava,,SVK,SVK,71,189,2003,MTL,9,10,271,2022-2023,jaroslavhalak
104,Chris Holt,STL,G,40,1985-06-05,Vancouver,BC,CAN,CAN,75,229,2003,NYR,6,13,180,2008-2009,chrisholt
105,Iiro Tarkki,ANA,G,40,1985-07-01,Rauma,,FIN,FIN,74,190,-,-,-,-,-,2011-2012,iirotarkki
106,Cedrick Desjardins,T.B,G,39,1985-09-30,Edmundston,NB,CAN,CAN,72,188,-,-,-,-,-,2013-2014,cedrickdesjardins
107,Jeff Glass,CHI,G,39,1985-11-19,Calgary,,CAN,CAN,75,206,2004,OTT,3,24,89,2017-2018,jeffglass
108,Carter Hutton,ARI,G,39,1985-12-19,Thunder Bay,ON,CAN,CAN,72,211,-,-,-,-,-,2021-2022,carterhutton
109,Jonathan Quick,NYR,G,39,1986-01-21,Milford,CT,USA,USA,73,220,2005,L.A,3,11,72,2025-2026,jonathanquick
110,Thomas Greiss,STL,G,39,1986-01-29,Fussen,,DEU,DEU,74,219,2004,S.J,3,29,94,2022-2023,thomasgreiss
111,Cory Schneider,NYI,G,39,1986-03-18,Marblehead,MA,USA,USA,75,214,2004,VAN,1,26,26,2021-2022,coryschneider
112,Brad Thiessen,PIT,G,39,1986-03-19,Aldergrove,BC,CAN,CAN,72,180,-,-,-,-,-,2011-2012,bradthiessen
113,Daniel Lacosta,CBJ,G,39,1986-03-28,Labrador City,NL,CAN,CAN,73,186,2004,CBJ,3,28,93,2008-2009,dannylacosta
114,Marek Schwarz,STL,G,39,1986-04-01,Mlada Boleslav,,CZE,CZE,72,180,2004,STL,1,17,17,2008-2009,marekschwarz
115,Justin Pogge,TOR,G,39,1986-04-22,Fort McMurray,AB,CAN,CAN,75,197,2004,TOR,3,25,90,2008-2009,justinpogge
116,Matt Keetley,CGY,G,39,1986-04-27,Medicine Hat,AB,CAN,CAN,73,187,2005,CGY,5,33,158,2007-2008,mattkeetley
117,Daniel Taylor,OTT,G,39,1986-04-28,Plymouth,,GBR,GBR,72,198,2004,L.A,7,28,221,2017-2018,dannytaylor
118,Devan Dubnyk,"COL, S.J",G,39,1986-05-04,Regina,SK,CAN,CAN,78,224,2004,EDM,1,14,14,2020-2021,devandubnyk
119,Anton Khudobin,CHI,G,39,1986-05-07,Ust-Kamenogorsk,,KAZ,RUS,71,210,2004,MIN,7,13,206,2022-2023,antonkhudobin
120,Mark Dekanich,NSH,G,39,1986-05-10,N. Vancouver,BC,CAN,CAN,74,185,2006,NSH,5,23,146,2010-2011,markdekanich
121,Chad Johnson,"ANA, STL",G,39,1986-06-10,Saskatoon,SK,CAN,CAN,75,197,2006,PIT,5,2,125,2018-2019,chadjohnson
122,Karri Ramo,CGY,G,39,1986-07-01,Asikkala,,FIN,FIN,74,206,2004,T.B,6,28,191,2015-2016,karriramo
123,Justin Peters,ARI,G,38,1986-08-30,Blyth,ON,CAN,CAN,73,210,2004,CAR,2,8,38,2016-2017,justinpeters
124,Ben Scrivens,MTL,G,38,1986-09-11,Spruce Grove,AB,CAN,CAN,74,181,-,-,-,-,-,2015-2016,benscrivens
125,Jeremy Duchesne,PHI,G,38,1986-10-17,Silver Spring,MD,USA,USA,72,201,2005,PHI,4,28,119,2009-2010,jeremyduchesne
126,Ben Bishop,DAL,G,38,1986-11-21,Denver,CO,USA,USA,79,210,2005,STL,3,24,85,2019-2020,benbishop
127,Reto Berra,ANA,G,38,1987-01-03,Bulach,,CHE,CHE,76,218,2006,STL,4,13,106,2017-2018,retoberra
128,Alexander Salak,FLA,G,38,1987-01-05,Strakonice,,CZE,CZE,73,189,-,-,-,-,-,2009-2010,alexsalak
129,Brian Foster,FLA,G,38,1987-02-04,Pembroke,NH,USA,USA,74,185,2005,FLA,5,36,161,2011-2012,brianfoster
130,Tuukka Rask,BOS,G,38,1987-03-10,Savonlinna,,FIN,FIN,75,176,2005,TOR,1,21,21,2021-2022,tuukkarask
131,Shawn Hunwick,CBJ,G,38,1987-04-09,Sterling Heights,MI,USA,USA,67,166,-,-,-,-,-,2011-2012,shawnhunwick
132,Jeff Frazee,N.J,G,38,1987-05-13,Edina,MN,USA,USA,72,195,2005,N.J,2,8,38,2012-2013,jefffrazee
133,Jussi Rynnas,DAL,G,38,1987-05-22,Pori,,FIN,FIN,77,210,-,-,-,-,-,2014-2015,jussirynnas
134,Jeff Zatkoff,L.A,G,38,1987-06-09,Detroit,MI,USA,USA,74,186,2006,L.A,3,11,74,2016-2017,jeffzatkoff
135,Cam Talbot,DET,G,38,1987-07-05,Caledonia,ON,CAN,CAN,76,201,-,-,-,-,-,2025-2026,camtalbot
136,Richard Bachman,VAN,G,38,1987-07-25,Salt Lake City,UT,USA,USA,70,183,2006,DAL,4,27,120,2018-2019,richardbachman
137,Alex Stalock,CHI,G,38,1987-07-28,St. Paul,MN,USA,USA,71,170,2005,S.J,4,21,112,2022-2023,alexstalock
138,Carey Price,MTL,G,37,1987-08-16,Anahim Lake,BC,CAN,CAN,75,217,2005,MTL,1,5,5,2021-2022,careyprice
139,Ondrej Pavelec,NYR,G,37,1987-08-31,Kladno,,CZE,CZE,75,212,2005,ATL,2,11,41,2017-2018,ondrejpavelec
140,Eddie Lack,"CGY, N.J",G,37,1988-01-05,Norrtälje,,SWE,SWE,76,187,-,-,-,-,-,2017-2018,eddielack
141,Andrew Hammond,"MTL, N.J",G,37,1988-02-11,Surrey,BC,CAN,CAN,74,215,-,-,-,-,-,2021-2022,andrewhammond
142,Riku Helenius,T.B,G,37,1988-03-01,Palkane,,FIN,FIN,75,211,2006,T.B,1,15,15,2008-2009,rikuhelenius
143,James Reimer,"ANA, BUF",G,37,1988-03-15,Morweena,MB,CAN,CAN,75,205,2006,TOR,4,6,99,2024-2025,jamesreimer
144,Michal Neuvirth,PHI,G,37,1988-03-23,Ústí nad Labem,,CZE,CZE,73,209,2006,WSH,2,4,34,2018-2019,michalneuvirth
145,Leland Irving,CGY,G,37,1988-04-11,Barrhead,AB,CAN,CAN,72,177,2006,CGY,1,26,26,2012-2013,lelandirving
146,Semyon Varlamov,NYI,G,37,1988-04-27,Samara,,RUS,RUS,74,206,2006,WSH,1,23,23,2024-2025,semyonvarlamov
147,Anders Lindback,ARI,G,37,1988-05-03,Gävle,,SWE,SWE,78,215,2008,NSH,7,26,207,2015-2016,anderslindback
148,Steve Mason,WPG,G,37,1988-05-29,Oakville,ON,CAN,CAN,76,188,2006,CBJ,3,6,69,2017-2018,stevemason
149,Jhonas Enroth,TOR,G,37,1988-06-25,Stockholm,,SWE,SWE,70,175,2006,BUF,2,16,46,2016-2017,jhonasenroth
150,Mikko Koskinen,EDM,G,37,1988-07-18,Vantaa,,FIN,FIN,79,202,2009,NYI,2,1,31,2021-2022,mikkokoskinen
151,Jonathan Bernier,N.J,G,37,1988-08-07,Laval,QC,CAN,CAN,72,185,2006,L.A,1,11,11,2021-2022,jonathanbernier
152,Sergei Bobrovsky,FLA,G,37,1988-09-20,Novokuznetsk,,RUS,RUS,74,182,-,-,-,-,-,2025-2026,sergeibobrovsky
153,Calvin Heeter,PHI,G,36,1988-11-02,St. Louis,MO,USA,USA,76,195,-,-,-,-,-,2013-2014,calvinheeter
154,Scott Darling,CAR,G,36,1988-12-22,Newport News,VA,USA,USA,78,226,2007,PHX,6,2,153,2018-2019,scottdarling
155,Mike Murphy,CAR,G,36,1989-01-15,Kingston,ON,CAN,CAN,71,172,2008,CAR,6,14,165,2011-2012,michaelmurphy
156,Jeremy Smith,COL,G,36,1989-04-13,Dearborn,MI,USA,USA,72,177,2007,NSH,2,24,54,2016-2017,jeremysmith
157,Aaron Dell,S.J,G,36,1989-05-04,Airdrie,AB,CAN,CAN,72,213,-,-,-,-,-,2022-2023,aarondell
158,Antti Raanta,CAR,G,36,1989-05-12,Rauma,,FIN,FIN,72,195,-,-,-,-,-,2023-2024,anttiraanta
159,Allen York,CBJ,G,36,1989-06-17,Wetaskiwin,AB,CAN,CAN,75,188,2007,CBJ,6,7,158,2011-2012,allenyork
160,Keith Kinkaid,"BOS, COL",G,36,1989-07-04,Farmingville,NY,USA,USA,74,195,-,-,-,-,-,2022-2023,keithkinkaid
161,Timo Pielmeier,ANA,G,36,1989-07-07,Deggendorf,,DEU,DEU,71,175,2007,S.J,3,22,83,2010-2011,timopielmeier
162,Troy Grosenick,L.A,G,35,1989-08-27,Brookfield,WI,USA,USA,73,181,-,-,-,-,-,2020-2021,troygrosenick
163,Niklas Svedberg,BOS,G,35,1989-09-04,Sollentuna,,SWE,SWE,73,163,-,-,-,-,-,2014-2015,niklassvedberg
164,Braden Holtby,DAL,G,35,1989-09-16,Lloydminster,SK,CAN,CAN,73,215,2008,WSH,4,2,93,2021-2022,bradenholtby
165,Dustin Tokarski,CAR,G,35,1989-09-16,Watson,SK,CAN,CAN,72,198,2008,T.B,5,1,122,2024-2025,dustintokarski
166,Frederik Andersen,CAR,G,36,1989-10-02,Herning,,DNK,DNK,76,238,2012,ANA,3,26,87,2025-2026,frederikandersen
167,Tom McCollum,DET,G,35,1989-12-07,Amherst,NY,USA,USA,74,220,2008,DET,1,30,30,2014-2015,tommccollum
168,Harri Sateri,ARI,G,35,1989-12-29,Toijala,,FIN,FIN,73,205,2008,S.J,4,15,106,2021-2022,harrisateri
169,Martin Jones,TOR,G,35,1990-01-10,North Vancouver,BC,CAN,CAN,76,203,-,-,-,-,-,2023-2024,martinjones
170,Jacob Markstrom,N.J,G,35,1990-01-31,Gävle,,SWE,SWE,78,207,2008,FLA,2,1,31,2025-2026,jakemarkstrom
171,Michael Hutchinson,DET,G,35,1990-03-02,Barrie,ON,CAN,CAN,75,201,2008,BOS,3,16,77,2023-2024,michaelhutchinson
172,Matt Hackett,BUF,G,35,1990-03-07,London,ON,CAN,CAN,74,179,2009,MIN,3,16,77,2014-2015,matthackett
173,Anders Nilsson,OTT,G,35,1990-03-19,Lulea,,SWE,SWE,78,232,2009,NYI,3,1,62,2019-2020,andersnilsson
174,Joacim Eriksson,VAN,G,35,1990-04-09,Gävle,,SWE,SWE,73,189,2008,PHI,7,15,196,2013-2014,joacimeriksson
175,Kevin Poulin,NYI,G,35,1990-04-12,Montreal,QC,CAN,CAN,74,206,2008,NYI,5,5,126,2014-2015,kevinpoulin
176,Mike Condon,OTT,G,35,1990-04-27,Holliston,MA,USA,USA,74,195,-,-,-,-,-,2018-2019,michaelcondon
177,Connor Knapp,BUF,G,35,1990-05-01,York,NY,USA,USA,78,206,2009,BUF,6,13,164,2013-2014,connorknapp
178,Darcy Kuemper,L.A,G,35,1990-05-05,Saskatoon,SK,CAN,CAN,77,215,2009,MIN,6,10,161,2025-2026,darcykuemper
179,Pavel Francouz,COL,G,35,1990-06-03,Plzen,,CZE,CSK,72,179,-,-,-,-,-,2022-2023,pavelfrancouz
180,Alexander Pechurskiy,PIT,G,35,1990-06-04,Magnitogorsk,,RUS,RUS,72,188,2008,PIT,5,29,150,2009-2010,alexpechurskiy
181,Jake Allen,N.J,G,35,1990-08-07,Fredericton,NB,CAN,CAN,74,195,2008,STL,2,4,34,2025-2026,jakeallen
182,Edward Pasquale,T.B,G,34,1990-11-20,Toronto,ON,CAN,CAN,74,215,2009,ATL,4,26,117,2018-2019,edwardpasquale
183,Magnus Hellberg,PIT,G,34,1991-04-04,Uppsala,,SWE,SWE,78,220,2011,NSH,2,8,38,2023-2024,magnushellberg
184,Joni Ortio,CGY,G,34,1991-04-16,Turku,,FIN,FIN,73,190,2009,CGY,6,20,171,2015-2016,joniortio
185,Niklas Treutle,ARI,G,34,1991-04-29,Nuremberg,,DEU,DEU,74,185,-,-,-,-,-,2015-2016,niklastreutle
186,Jean-Francois Berube,NYI,G,34,1991-07-13,Repentigny,QC,CAN,CAN,73,177,2009,L.A,4,4,95,2016-2017,jeanfrancoisberube
187,J-F Berube,CBJ,G,34,1991-07-13,Repentigny,QC,CAN,CAN,73,177,2009,L.A,4,4,95,2021-2022,jfberube
188,Marek Mazanec,NSH,G,34,1991-07-18,Pisek,,CZE,CZE,76,202,2012,NSH,6,28,179,2016-2017,marekmazanec
189,Robin Lehner,VGK,G,34,1991-07-24,Gothenburg,,SWE,SWE,76,250,2009,OTT,2,16,46,2021-2022,robinlehner
190,Nathan Lieuwen,BUF,G,34,1991-08-08,Abbotsford,BC,CAN,CAN,77,189,2011,BUF,6,16,167,2013-2014,nathanlieuwen
191,Casey DeSmith,DAL,G,34,1991-08-13,Rochester,NH,USA,USA,72,181,-,-,-,-,-,2024-2025,caseydesmith
192,Jared Coreau,DET,G,33,1991-11-05,Perth,ON,CAN,CAN,78,214,-,-,-,-,-,2017-2018,jaredcoreau
193,Philipp Grubauer,SEA,G,33,1991-11-25,Rosenheim,,DEU,DEU,73,188,2010,WSH,4,22,112,2024-2025,philippgrubauer
194,Jack Campbell,EDM,G,33,1992-01-09,Port Huron,MI,USA,USA,75,207,2010,DAL,1,11,11,2023-2024,jackcampbell
195,Pheonix Copley,L.A,G,33,1992-01-18,North Pole,AK,USA,USA,76,200,-,-,-,-,-,2024-2025,pheonixcopley
196,Tyler Bunz,EDM,G,33,1992-02-11,Regina,SK,CAN,CAN,73,205,2010,EDM,5,1,121,2014-2015,tylerbunz
197,Matthew O'Connor,OTT,G,33,1992-02-14,Sault Ste. Marie,ON,CAN,CAN,78,188,-,-,-,-,-,2015-2016,mattoconnor
198,Petr Mrazek,ANA,G,33,1992-02-14,Ostrava,,CZE,CZE,74,188,2010,DET,5,21,141,2025-2026,petrmrazek
199,Louis Domingue,NYR,G,33,1992-03-06,St-Hyacinthe,QC,CAN,CAN,75,208,2010,PHX,5,18,138,2024-2025,louisdomingue
200,Kent Simpson,CHI,G,33,1992-03-26,Edmonton,AB,CAN,CAN,74,209,2010,CHI,2,28,58,2013-2014,kentsimpson
201,Calvin Pickard,EDM,G,33,1992-04-15,Moncton,NB,CAN,CAN,73,210,2010,COL,2,19,49,2025-2026,calvinpickard
202,Jason Kasdorf,BUF,G,33,1992-05-18,Winnipeg,MB,CAN,CAN,76,205,2011,WPG,6,6,157,2015-2016,jasonkasdorf
203,Roman Will,COL,G,33,1992-05-22,Plzen,,CZE,CZE,73,195,-,-,-,-,-,2015-2016,romanwill
204,Kevin Boyle,ANA,G,33,1992-05-30,Manalapan,NJ,USA,USA,73,201,-,-,-,-,-,2018-2019,kevinboyle
205,Kristers Gudlevskis,T.B,G,33,1992-07-31,Aizkraukle,,LVA,LVA,75,188,2013,T.B,5,3,124,2016-2017,kristersgudlevskis
206,Sami Aittokallio,COL,G,33,1992-08-06,Tampere,,FIN,FIN,73,185,2010,COL,4,17,107,2013-2014,samiaittokallio
207,Mark Visentin,PHX,G,33,1992-08-07,Hamilton,ON,CAN,CAN,74,201,2010,PHX,1,27,27,2013-2014,markvisentin
208,Scott Wedgewood,COL,G,33,1992-08-14,Brampton,ON,CAN,CAN,74,205,2010,N.J,3,24,84,2025-2026,scottwedgewood
209,David Rittich,L.A,G,32,1992-08-19,Jihlava,,CZE,CZE,76,205,-,-,-,-,-,2024-2025,davidrittich
210,Zane McIntyre,BOS,G,32,1992-08-20,Grand Forks,ND,USA,USA,74,206,2010,BOS,6,15,165,2016-2017,zanemcintyre
211,Michael Houser,BUF,G,32,1992-09-13,Youngstown,OH,USA,USA,73,185,-,-,-,-,-,2021-2022,michaelhouser
212,Adam Wilcox,BUF,G,32,1992-11-26,South St. Pau,MN,USA,USA,72,189,2011,T.B,6,27,178,2017-2018,adamwilcox
213,Anton Forsberg,L.A,G,32,1992-11-27,Härnösand,,SWE,SWE,75,193,2011,CBJ,7,7,188,2025-2026,antonforsberg
214,Alex Lyon,BUF,G,32,1992-12-09,Baudette,MN,USA,USA,73,201,-,-,-,-,-,2025-2026,alexlyon
215,Christopher Gibson,T.B,G,32,1992-12-27,Karkkila,,FIN,FIN,74,217,2011,L.A,2,19,49,2020-2021,chrisgibson
216,Maxime Lagace,T.B,G,32,1993-01-12,Saint-Augustin,QC,CAN,CAN,74,190,-,-,-,-,-,2021-2022,maxlagace
217,Laurent Brossoit,WPG,G,32,1993-03-23,Port Alberni,BC,CAN,CAN,75,215,2011,CGY,6,13,164,2023-2024,laurentbrossoit
218,Andrey Makarov,BUF,G,32,1993-04-20,Kazan,,RUS,RUS,74,194,-,-,-,-,-,2014-2015,andreymakarov
219,Connor Hellebuyck,WPG,G,32,1993-05-19,Commerce,MI,USA,USA,76,216,2012,WPG,5,9,130,2025-2026,connorhellebuyck
220,Thomas Hodges,ANA,G,32,1993-06-25,"Slough, GBR",,USA,,70,170,-,-,-,-,-,2021-2022,thomashodges
221,Garret Sparks,L.A,G,32,1993-06-28,Elmhurst,IL,USA,USA,75,220,2011,TOR,7,9,190,2021-2022,garretsparks
222,Jordan Binnington,STL,G,32,1993-07-11,Richmond Hill,ON,CAN,CAN,74,172,2011,STL,3,27,88,2025-2026,jordanbinnington
223,John Gibson,DET,G,32,1993-07-14,Pittsburgh,PA,USA,USA,74,210,2011,ANA,2,9,39,2025-2026,johngibson
224,Linus Ullmark,OTT,G,32,1993-07-31,Lugnvik,,SWE,SWE,77,212,2012,BUF,6,12,163,2025-2026,linusullmark
225,Kasimir Kaskisuo,NSH,G,31,1993-10-02,Vantaa,,FIN,FIN,75,203,-,-,-,-,-,2020-2021,kasimirkaskisuo
226,Charlie Lindgren,WSH,G,31,1993-12-18,Lakeville,MN,USA,USA,74,179,-,-,-,-,-,2025-2026,charlielindgren
227,Malcolm Subban,CBJ,G,31,1993-12-21,Toronto,ON,CAN,CAN,74,215,2012,BOS,1,24,24,2023-2024,malcolmsubban
228,Anthony Stolarz,TOR,G,31,1994-01-20,Edison,NJ,USA,USA,78,243,2012,PHI,2,15,45,2025-2026,anthonystolarz
229,Jon Gillies,CBJ,G,31,1994-01-22,Concord,NH,USA,USA,78,223,2012,CGY,3,14,75,2022-2023,jongillies
230,Oscar Dansk,VGK,G,31,1994-02-28,Stockholm,,SWE,SWE,75,204,2012,CBJ,2,1,31,2020-2021,oscardansk
231,Elvis Merzlikins,CBJ,G,31,1994-04-13,Riga,,LVA,LVA,75,183,2014,CBJ,3,16,76,2025-2026,elvismerzlikins
232,Joonas Korpisalo,BOS,G,31,1994-04-28,Pori,,FIN,FIN,75,193,2012,CBJ,3,1,62,2025-2026,joonaskorpisalo
233,Antoine Bibeau,COL,G,31,1994-05-01,Victoriaville,QC,CAN,CAN,75,205,2013,TOR,6,21,172,2019-2020,antoinebibeau
234,Chris Driedger,SEA,G,31,1994-05-18,Winnipeg,MB,CAN,CAN,76,208,2012,OTT,3,15,76,2023-2024,chrisdriedger
235,Mackenzie Skapski,NYR,G,31,1994-06-15,Abbotsford,BC,CAN,CAN,75,188,2013,NYR,6,19,170,2014-2015,mackenzieskapski
236,Matt Tomkins,T.B,G,31,1994-06-19,Edmonton,AB,CAN,CAN,75,194,2012,CHI,7,18,199,2023-2024,matttomkins
237,Collin Delia,VAN,G,31,1994-06-20,Rancho Cucamonga,CA,USA,USA,74,208,-,-,-,-,-,2022-2023,collindelia
238,Marek Langhamer,ARI,G,31,1994-07-22,Moravska Trebova,,CZE,CZE,74,190,2012,PHX,7,3,184,2017-2018,mareklanghamer
239,Andrei Vasilevskiy,T.B,G,31,1994-07-25,Tyumen,,RUS,RUS,76,220,2012,T.B,1,19,19,2025-2026,andreivasilevskiy
240,Cal Petersen,PHI,G,30,1994-10-19,Waterloo,IA,USA,USA,74,185,2013,BUF,5,8,129,2023-2024,calpetersen
241,Marcus Hogberg,NYI,G,30,1994-11-25,Orebro,,SWE,SWE,77,222,2013,OTT,3,17,78,2024-2025,marcushogberg
242,Ville Husso,"ANA, DET",G,30,1995-02-06,Helsinki,,FIN,FIN,75,200,2014,STL,4,4,94,2024-2025,villehusso
243,Ken Appleby,N.J,G,30,1995-04-10,North Bay,ON,CAN,CAN,77,210,-,-,-,-,-,2017-2018,kenappleby
244,Kenneth Appleby,NYI,G,30,1995-04-10,North Bay,ON,CAN,CAN,77,210,-,-,-,-,-,2023-2024,kennethappleby
245,Juuse Saros,NSH,G,30,1995-04-19,Forssa,,FIN,FIN,71,180,2013,NSH,4,8,99,2025-2026,juusesaros
246,Kevin Lankinen,VAN,G,30,1995-04-28,Helsinki,,FIN,FIN,74,190,-,-,-,-,-,2025-2026,kevinlankinen
247,Tristan Jarry,PIT,G,30,1995-04-29,Surrey,BC,CAN,CAN,74,194,2013,PIT,2,14,44,2025-2026,tristanjarry
248,Zach Fucale,WSH,G,30,1995-05-28,Laval,QC,CAN,CAN,74,189,2013,MTL,2,6,36,2021-2022,zachfucale
249,Spencer Martin,CAR,G,30,1995-06-08,Oakville,ON,CAN,CAN,75,191,2013,COL,3,2,63,2024-2025,spencermartin
250,Eric Comrie,WPG,G,30,1995-07-06,Edmonton,AB,CAN,CAN,73,183,2013,WPG,2,29,59,2025-2026,ericcomrie
251,Hunter Miska,COL,G,30,1995-07-07,North Branch,MN,USA,USA,73,175,-,-,-,-,-,2020-2021,huntermiska
252,Ilya Sorokin,NYI,G,30,1995-08-04,Mezhdurechensk,,RUS,RUS,75,195,2014,NYI,3,18,78,2025-2026,ilyasorokin
253,Artyom Zagidulin,CGY,G,30,1995-08-08,Magnitogorsk,,RUS,RUS,74,180,-,-,-,-,-,2020-2021,artyomzagidulin
254,Landon Bow,DAL,G,29,1995-08-24,,,,,76,220,-,-,-,-,-,2018-2019,landonbow
255,Jonas Johansson,T.B,G,30,1995-09-19,Gävle,,SWE,SWE,77,220,2014,BUF,3,1,61,2025-2026,jonasjohansson
256,Hunter Shepard,WSH,G,29,1995-11-07,Cohasset,MN,USA,USA,72,215,-,-,-,-,-,2024-2025,huntershepard
257,Thatcher Demko,VAN,G,29,1995-12-08,San Diego,CA,USA,USA,76,192,2014,VAN,2,6,36,2025-2026,thatcherdemko
258,Igor Shesterkin,NYR,G,29,1995-12-30,Moscow,,RUS,RUS,73,189,2014,NYR,4,28,118,2025-2026,igorshesterkin
259,Alex Nedeljkovic,S.J,G,29,1996-01-07,Parma,OH,USA,USA,72,208,2014,CAR,2,7,37,2025-2026,alexnedeljkovic
260,Vitek Vanecek,UTA,G,29,1996-01-09,Havlickuv Brod,,CZE,CZE,74,184,2014,WSH,2,9,39,2025-2026,vitekvanecek
261,Alexandar Georgiev,"COL, S.J",G,29,1996-02-10,Moscow,,RUS,RUS,73,178,-,-,-,-,-,2024-2025,alexandargeorgiev
262,Gilles Senn,N.J,G,29,1996-03-01,Bülach,,CHE,CHE,77,191,2017,N.J,5,5,129,2019-2020,gillessenn
263,Brandon Halverson,T.B,G,29,1996-03-29,Traverse City,MI,USA,USA,76,210,2014,NYR,2,29,59,2024-2025,brandonhalverson
264,Adin Hill,VGK,G,29,1996-05-11,Comox,BC,CAN,CAN,76,215,2015,ARI,3,15,76,2025-2026,adinhill
265,Karel Vejmelka,UTA,G,29,1996-05-25,Trebic,,CZE,CZE,76,224,2015,NSH,5,24,145,2025-2026,karelvejmelka
266,Kaapo Kahkonen,COL,G,28,1996-08-16,Helsinki,,FIN,FIN,74,217,2014,MIN,4,19,109,2024-2025,kaapokahkonen
267,Joey Daccord,SEA,G,29,1996-08-19,Boston,MA,USA,USA,74,201,2015,OTT,7,18,199,2025-2026,joeydaccord
268,Matiss Kivlenieks,CBJ,G,28,1996-08-26,Riga,,LVA,USA,74,183,-,-,-,-,-,2020-2021,matisskivlenieks
269,Erik Kallgren,TOR,G,28,1996-10-14,Stockholm,,SWE,SWE,75,200,2015,ARI,7,2,183,2022-2023,erikkallgren
270,Sam Montembeault,MTL,G,28,1996-10-30,Bécancour,QC,CAN,CAN,75,214,2015,FLA,3,16,77,2025-2026,sammontembeault
271,Ivan Fedotov,PHI,G,28,1996-11-28,Russia,,RUS,RUS,78,188,2015,PHI,7,7,188,2024-2025,ivanfedotov
272,Mackenzie Blackwood,"COL, S.J",G,28,1996-12-09,Thunder Bay,ON,CAN,CAN,76,225,2015,N.J,2,12,42,2024-2025,mackenzieblackwood
273,Ales Stezka,SEA,G,28,1997-01-06,,,CZE,,76,190,2015,MIN,4,20,111,2024-2025,alesstezka
274,Felix Sandstrom,PHI,G,28,1997-01-12,Gävle,,SWE,SWE,74,191,2015,PHI,3,9,70,2023-2024,felixsandstrom
275,Veini Vehvilainen,CBJ,G,28,1997-02-13,Jyväskylä,,FIN,FIN,72,181,2018,CBJ,6,18,173,2020-2021,veinivehvilainen
276,Ilya Samsonov,VGK,G,28,1997-02-22,Magnitogorsk,,RUS,RUS,75,214,2015,WSH,1,22,22,2024-2025,ilyasamsonov
277,Logan Thompson,WSH,G,28,1997-02-25,Calgary,AB,CAN,CAN,76,205,-,-,-,-,-,2025-2026,loganthompson
278,Connor Ingram,UTA,G,28,1997-03-31,Saskatoon,SK,CAN,CAN,74,196,2016,T.B,3,27,88,2024-2025,connoringram
279,Adam Werner,COL,G,28,1997-05-02,Mariestad,,SWE,SWE,77,205,2016,COL,5,10,131,2019-2020,adamwerner
280,Adam Huska,NYR,G,28,1997-05-12,Slovakia,,SVK,SVK,76,214,2015,NYR,7,3,184,2021-2022,adamhuska
281,Devin Cooley,S.J,G,28,1997-05-25,Los Gatos,CA,USA,USA,77,192,-,-,-,-,-,2023-2024,devincooley
282,Michael McNiven,MTL,G,28,1997-07-09,Winnipeg,MB,CAN,CAN,73,199,-,-,-,-,-,2021-2022,michaelmcniven
283,Dan Vladar,PHI,G,28,1997-08-20,Prague,,CZE,CZE,77,209,2015,BOS,3,14,75,2025-2026,danvladar
284,Zach Sawchenko,S.J,G,27,1997-12-30,Calgary,AB,CAN,CAN,73,185,-,-,-,-,-,2021-2022,zachsawchenko
285,Dylan Wells,CHI,G,27,1998-01-03,St. Catharines,ON,CAN,CAN,74,190,2016,EDM,5,2,123,2022-2023,dylanwells
286,Jack LaFontaine,CAR,G,27,1998-01-06,Mississauga,ON,CAN,CAN,74,204,2016,CAR,3,14,75,2021-2022,jacklafontaine
287,Josef Korenar,ARI,G,27,1998-01-31,Pelhrimov,,CZE,,73,185,-,-,-,-,-,2021-2022,josefkorenar
288,Matt Murray,DAL,G,27,1998-02-02,St. Albert,AB,CAN,CAN,73,200,-,-,-,-,-,2023-2024,mattmurray
289,Filip Gustavsson,MIN,G,27,1998-06-07,Skellefteå,,SWE,SWE,74,184,2016,PIT,2,25,55,2025-2026,filipgustavsson
290,Alexei Melnichuk,S.J,G,27,1998-06-29,St. Petersburg,,RUS,RUS,74,201,-,-,-,-,-,2020-2021,alexeimelnichuk
291,Joseph Woll,TOR,G,27,1998-07-12,Dardenne Prairie,MO,USA,USA,75,203,2016,TOR,3,1,62,2024-2025,josephwoll
292,Carter Hart,PHI,G,27,1998-08-13,Sherwood Park,AB,CAN,CAN,74,181,2016,PHI,2,18,48,2023-2024,carterhart
293,Dylan Ferguson,OTT,G,26,1998-09-20,Lantzville,BC,CAN,CAN,74,194,2017,DAL,7,8,194,2022-2023,dylanferguson
294,Kaden Fulcher,DET,G,26,1998-09-23,Brigden,ON,CAN,,74,210,-,-,-,-,-,2018-2019,kadenfulcher
295,Stuart Skinner,EDM,G,26,1998-11-01,Edmonton,AB,CAN,CAN,76,206,2017,EDM,3,16,78,2025-2026,stuartskinner
296,Jeremy Swayman,BOS,G,26,1998-11-24,Anchorage,AK,USA,USA,74,194,2017,BOS,4,18,111,2025-2026,jeremyswayman
297,Jake Oettinger,DAL,G,26,1998-12-18,Lakeville,MN,USA,USA,77,220,2017,DAL,1,26,26,2025-2026,jakeoettinger
298,Jiri Patera,VGK,G,26,1999-02-24,,,CZE,CZE,74,209,2017,VGK,6,6,161,2023-2024,jiripatera
299,Clay Stevenson,WSH,G,26,1999-03-03,,,CAN,,76,195,-,-,-,-,-,2024-2025,claystevenson
300,Ivan Prosvetov,COL,G,26,1999-03-05,Moscow,,RUS,RUS,77,195,2018,ARI,4,21,114,2023-2024,ivanprosvetov
301,Ukko-Pekka Luukkonen,BUF,G,26,1999-03-09,Espoo,,FIN,FIN,77,217,2017,BUF,2,23,54,2024-2025,ukkopekkaluukkonen
302,Daniil Tarasov,FLA,G,26,1999-03-27,Novokuznetsk,,RUS,RUS,77,196,2017,CBJ,3,24,86,2025-2026,daniiltarasov
303,Eetu Makiniemi,S.J,G,26,1999-04-19,Vantaa,,FIN,FIN,74,184,2017,CAR,4,11,104,2022-2023,eetumakiniemi
304,Jaxson Stauber,UTA,G,26,1999-04-27,Wayzata,MN,USA,USA,75,174,-,-,-,-,-,2024-2025,jaxsonstauber
305,Matt Villalta,UTA,G,26,1999-06-03,Kingston,ON,CAN,CAN,75,165,2017,L.A,3,10,72,2024-2025,mattvillalta
306,Michael Dipietro,VAN,G,26,1999-06-09,Windsor,ON,CAN,CAN,72,200,2017,VAN,3,2,64,2021-2022,michaeldipietro
307,Olle Eriksson Ek,ANA,G,26,1999-06-22,Karlstad,,SWE,SWE,75,189,2017,ANA,5,29,153,2022-2023,olleerikssonek
308,Pyotr Kochetkov,CAR,G,26,1999-06-25,Penza,,RUS,RUS,75,205,2019,CAR,2,5,36,2024-2025,pyotrkochetkov
309,Cayden Primeau,MTL,G,26,1999-08-11,Farmington Hills,MI,USA,USA,74,199,2017,MTL,7,13,199,2024-2025,caydenprimeau
310,Arvid Soderblom,CHI,G,26,1999-08-19,Göteborg,,SWE,SWE,75,180,-,-,-,-,-,2025-2026,arvidsoderblom
311,Samuel Ersson,PHI,G,25,1999-10-20,Falun,,SWE,SWE,74,176,2018,PHI,5,19,143,2025-2026,samuelersson
312,Jakub Skarek,NYI,G,25,1999-11-10,Jihlava,,CZE,CZE,75,205,2018,NYI,3,10,72,2024-2025,jakubskarek
313,Georgi Romanov,S.J,G,25,1999-12-15,,,RUS,,77,207,-,-,-,-,-,2024-2025,georgiromanov
314,Yaniv Perets,CAR,G,25,2000-03-04,,,CAN,,73,181,-,-,-,-,-,2024-2025,yanivperets
315,Justus Annunen,"COL, NSH",G,25,2000-03-11,Kempele,,FIN,FIN,76,210,-,-,-,-,-,2024-2025,justusannunen
316,Nikita Tolopilo,VAN,G,25,2000-04-06,,,BLR,,78,229,-,-,-,-,-,2024-2025,nikitatolopilo
317,Akira Schmid,VGK,G,25,2000-05-12,Bern,,CHE,CHE,77,205,2018,N.J,5,12,136,2025-2026,akiraschmid
318,Lukas Dostal,ANA,G,25,2000-06-22,Brno,,CZE,CZE,74,174,2018,ANA,3,23,85,2025-2026,lukasdostal
319,Olivier Rodrigue,EDM,G,25,2000-07-06,Chicoutimi,QC,CAN,CAN,73,158,2018,EDM,2,31,62,2024-2025,olivierrodrigue
320,Joel Hofer,STL,G,25,2000-07-30,Winnipeg,MB,CAN,CAN,77,179,2018,STL,4,14,107,2025-2026,joelhofer
321,Kevin Mandolese,OTT,G,24,2000-08-22,Blainville,QC,CAN,CAN,76,180,2018,OTT,6,2,157,2022-2023,kevinmandolese
322,Magnus Chrona,S.J,G,24,2000-08-28,,,SWE,,76,194,2018,T.B,5,28,152,2023-2024,magnuschrona
323,Erik Portillo,L.A,G,24,2000-09-03,,,SWE,,78,218,2019,BUF,3,5,67,2024-2025,erikportillo
324,Victor Ostman,SEA,G,24,2000-10-03,,,SWE,,76,205,-,-,-,-,-,2024-2025,victorostman
325,Mads Sogaard,OTT,G,24,2000-12-13,Aalborg,,DNK,DNK,79,196,-,-,-,-,-,2024-2025,madssogaard
326,Nico Daws,N.J,G,24,2000-12-22,Munich,,DEU,DEU,76,205,2020,N.J,3,22,84,2024-2025,nicodaws
327,Trent Miner,COL,G,24,2001-02-05,Brandon,MB,CAN,CAN,73,185,2019,COL,7,16,202,2024-2025,trentminer
328,Arturs Silovs,PIT,G,24,2001-03-22,,,LVA,LVA,76,203,2019,VAN,6,1,156,2025-2026,arturssilovs
329,Jet Greaves,CBJ,G,24,2001-03-30,Cambridge,ON,CAN,CAN,72,184,-,-,-,-,-,2025-2026,jetgreaves
330,Dustin Wolf,CGY,G,24,2001-04-16,Gilroy,CA,USA,USA,72,156,2019,CGY,7,28,214,2025-2026,dustinwolf
331,Spencer Knight,CHI,G,24,2001-04-19,Stamford,CT,USA,USA,75,192,2019,FLA,1,13,13,2025-2026,spencerknight
332,Jakub Dobes,MTL,G,24,2001-05-27,,,CZE,,76,205,2020,MTL,5,12,136,2025-2026,jakubdobes
333,Hugo Alnefelt,T.B,G,24,2001-06-04,Danderyd,,SWE,SWE,74,177,2019,T.B,3,9,71,2021-2022,hugoalnefelt
334,Dennis Hildeby,TOR,G,23,2001-08-19,,,SWE,,79,222,2022,TOR,4,25,122,2024-2025,dennishildeby
335,Devon Levi,BUF,G,23,2001-12-27,Dollard-des-Ormeaux,QC,CAN,CAN,72,184,2020,FLA,7,26,212,2024-2025,devonlevi
336,Aleksei Kolosov,PHI,G,23,2002-01-04,,,BLR,,73,185,2021,PHI,3,14,78,2024-2025,alekseikolosov
337,Joel Blomqvist,PIT,G,23,2002-01-10,,,FIN,,74,183,2020,PIT,2,21,52,2024-2025,joelblomqvist
338,Yaroslav Askarov,S.J,G,23,2002-06-16,Omsk,,RUS,RUS,75,178,2020,NSH,1,11,11,2025-2026,yaroslavaskarov
339,Drew Commesso,CHI,G,23,2002-07-19,,,USA,,74,180,2020,CHI,2,15,46,2024-2025,drewcommesso
340,Leevi Merilainen,OTT,G,23,2002-08-13,Oulu,,FIN,FIN,74,158,-,-,-,-,-,2024-2025,leevimerilainen
341,Tristan Lennox,NYI,G,22,2002-10-21,Ottawa,ON,CAN,CAN,76,196,2021,NYI,3,29,93,2024-2025,tristanlennox
342,Jesper Wallstedt,MIN,G,22,2002-11-14,Vasteras,,SWE,SWE,75,214,2021,MIN,1,20,20,2025-2026,jesperwallstedt
343,Sebastian Cossa,DET,G,22,2002-11-21,Hamilton,ON,CAN,CAN,78,210,2021,DET,1,15,15,2024-2025,sebastiancossa
344,Nikke Kokko,SEA,G,21,2004-03-14,,,FIN,,75,184,2022,SEA,2,26,58,2024-2025,nikkekokko
