,Player,Team,Position,Age,Date of Birth,Birth City,Birth State/Province,Birth Country,Nationality,Height (in),Weight (lbs),Draft Year,Draft Team,Draft Round,Round Pick,Overall Draft Position
0,Jonathan Quick,NYR,G,39,1986-01-21,Milford,CT,USA,USA,73,220,2005,L.A,3,11,72
1,Jacob Markstrom,N.J,G,35,1990-01-31,Gävle,,SWE,SWE,78,207,2008,FLA,2,1,31
2,Jake Allen,N.J,G,35,1990-08-07,Fredericton,NB,CAN,CAN,74,195,2008,STL,2,4,34
3,Darcy Kuemper,L.A,G,35,1990-05-05,Saskatoon,SK,CAN,CAN,77,215,2009,MIN,6,10,161
4,Cam Talbot,DET,G,38,1987-07-05,Caledonia,ON,CAN,CAN,76,201,-,-,-,-,-
5,Sergei Bobrovsky,FLA,G,37,1988-09-20,Novokuznetsk,,RUS,RUS,74,182,-,-,-,-,-
6,Calvin Pickard,EDM,G,33,1992-04-15,Moncton,NB,CAN,CAN,73,210,2010,COL,2,19,49
7,Scott Wedgewood,COL,G,33,1992-08-14,Brampton,ON,CAN,CAN,74,205,2010,N.J,3,24,84
8,Petr Mrazek,ANA,G,33,1992-02-14,Ostrava,,CZE,CZE,74,188,2010,DET,5,21,141
9,Frederik Andersen,CAR,G,36,1989-10-02,Herning,,DNK,DNK,76,238,2012,ANA,3,26,87
10,Anton Forsberg,L.A,G,32,1992-11-27,Härnösand,,SWE,SWE,75,193,2011,CBJ,7,7,188
11,Jordan Binnington,STL,G,32,1993-07-11,Richmond Hill,ON,CAN,CAN,74,172,2011,STL,3,27,88
12,John Gibson,DET,G,32,1993-07-14,Pittsburgh,PA,USA,USA,74,210,2011,ANA,2,9,39
13,Andrei Vasilevskiy,T.B,G,31,1994-07-25,Tyumen,,RUS,RUS,76,220,2012,T.B,1,19,19
14,Joonas Korpisalo,BOS,G,31,1994-04-28,Pori,,FIN,FIN,75,193,2012,CBJ,3,1,62
15,Anthony Stolarz,TOR,G,31,1994-01-20,Edison,NJ,USA,USA,78,243,2012,PHI,2,15,45
16,Connor Hellebuyck,WPG,G,32,1993-05-19,Commerce,MI,USA,USA,76,216,2012,WPG,5,9,130
17,Linus Ullmark,OTT,G,32,1993-07-31,Lugnvik,,SWE,SWE,77,212,2012,BUF,6,12,163
18,Juuse Saros,NSH,G,30,1995-04-19,Forssa,,FIN,FIN,71,180,2013,NSH,4,8,99
19,Tristan Jarry,PIT,G,30,1995-04-29,Surrey,BC,CAN,CAN,74,194,2013,PIT,2,14,44
20,Eric Comrie,WPG,G,30,1995-07-06,Edmonton,AB,CAN,CAN,73,183,2013,WPG,2,29,59
21,Thatcher Demko,VAN,G,29,1995-12-08,San Diego,CA,USA,USA,76,192,2014,VAN,2,6,36
22,Alex Nedeljkovic,S.J,G,29,1996-01-07,Parma,OH,USA,USA,72,208,2014,CAR,2,7,37
23,Vitek Vanecek,UTA,G,29,1996-01-09,Havlickuv Brod,,CZE,CZE,74,184,2014,WSH,2,9,39
24,Jonas Johansson,T.B,G,30,1995-09-19,Gävle,,SWE,SWE,77,220,2014,BUF,3,1,61
25,Elvis Merzlikins,CBJ,G,31,1994-04-13,Riga,,LVA,LVA,75,183,2014,CBJ,3,16,76
26,Ilya Sorokin,NYI,G,30,1995-08-04,Mezhdurechensk,,RUS,RUS,75,195,2014,NYI,3,18,78
27,Igor Shesterkin,NYR,G,29,1995-12-30,Moscow,,RUS,RUS,73,189,2014,NYR,4,28,118
28,Dan Vladar,PHI,G,28,1997-08-20,Prague,,CZE,CZE,77,209,2015,BOS,3,14,75
29,Sam Montembeault,MTL,G,28,1996-10-30,Bécancour,QC,CAN,CAN,75,214,2015,FLA,3,16,77
30,Adin Hill,VGK,G,29,1996-05-11,Comox,BC,CAN,CAN,76,215,2015,ARI,3,15,76
31,Karel Vejmelka,UTA,G,29,1996-05-25,Trebic,,CZE,CZE,76,224,2015,NSH,5,24,145
32,Joey Daccord,SEA,G,29,1996-08-19,Boston,MA,USA,USA,74,201,2015,OTT,7,18,199
33,Charlie Lindgren,WSH,G,31,1993-12-18,Lakeville,MN,USA,USA,74,179,-,-,-,-,-
34,Alex Lyon,BUF,G,32,1992-12-09,Baudette,MN,USA,USA,73,201,-,-,-,-,-
35,Filip Gustavsson,MIN,G,27,1998-06-07,Skellefteå,,SWE,SWE,74,184,2016,PIT,2,25,55
36,Stuart Skinner,EDM,G,26,1998-11-01,Edmonton,AB,CAN,CAN,76,206,2017,EDM,3,16,78
37,Jake Oettinger,DAL,G,26,1998-12-18,Lakeville,MN,USA,USA,77,220,2017,DAL,1,26,26
38,Daniil Tarasov,FLA,G,26,1999-03-27,Novokuznetsk,,RUS,RUS,77,196,2017,CBJ,3,24,86
39,Jeremy Swayman,BOS,G,26,1998-11-24,Anchorage,AK,USA,USA,74,194,2017,BOS,4,18,111
40,Logan Thompson,WSH,G,28,1997-02-25,Calgary,AB,CAN,CAN,76,205,-,-,-,-,-
41,Lukas Dostal,ANA,G,25,2000-06-22,Brno,,CZE,CZE,74,174,2018,ANA,3,23,85
42,Kevin Lankinen,VAN,G,30,1995-04-28,Helsinki,,FIN,FIN,74,190,-,-,-,-,-
43,Joel Hofer,STL,G,25,2000-07-30,Winnipeg,MB,CAN,CAN,77,179,2018,STL,4,14,107
44,Akira Schmid,VGK,G,25,2000-05-12,Bern,,CHE,CHE,77,205,2018,N.J,5,12,136
45,Samuel Ersson,PHI,G,25,1999-10-20,Falun,,SWE,SWE,74,176,2018,PHI,5,19,143
46,Spencer Knight,CHI,G,24,2001-04-19,Stamford,CT,USA,USA,75,192,2019,FLA,1,13,13
47,Arturs Silovs,PIT,G,24,2001-03-22,,,LVA,LVA,76,203,2019,VAN,6,1,156
48,Dustin Wolf,CGY,G,24,2001-04-16,Gilroy,CA,USA,USA,72,156,2019,CGY,7,28,214
49,Yaroslav Askarov,S.J,G,23,2002-06-16,Omsk,,RUS,RUS,75,178,2020,NSH,1,11,11
50,Jakub Dobes,MTL,G,24,2001-05-27,,,CZE,,76,205,2020,MTL,5,12,136
51,Jesper Wallstedt,MIN,G,22,2002-11-14,Vasteras,,SWE,SWE,75,214,2021,MIN,1,20,20
52,Arvid Soderblom,CHI,G,26,1999-08-19,Göteborg,,SWE,SWE,75,180,-,-,-,-,-
53,Jet Greaves,CBJ,G,24,2001-03-30,Cambridge,ON,CAN,CAN,72,184,-,-,-,-,-
